0,1
"[56.0, 112.0, 378.9999999999999, 428.0]","[102.0, 151.00000000000003, 97.0, 156.00000000000003]"
"[902.7952329360779, 984.6153846153846]","[162.12524850894633, 252.19483101391648]"
"[216.00000000000003, 279.0, 289.0, 343.0]","[12.0, 80.0, 2.0, 73.99999999999999]"
"[297.0, 357.0]","[78.99999999999997, 134.0]"
"[324.0, 383.0, 223.99999999999997, 284.0, 100.0, 161.0, 415.0, 490.0, 173.0, 243.0, 369.0, 427.0]","[65.0, 123.0, 61.0, 132.0, 75.0, 144.0, 65.0, 135.00000000000003, 144.0, 213.0, 138.0, 199.0]"
"[243.0, 338.99999999999994, 187.0, 271.0]","[23.0, 136.0, 262.0, 397.0]"
"[62.0, 198.0, 192.99999999999997, 296.0, 264.0, 355.0, 327.0, 434.0, 426.0, 508.0]","[22.0, 151.0, 12.0, 145.0, 171.99999999999997, 281.0, 76.0, 207.00000000000003, 7.999999999999999, 144.00000000000003]"
"[375.0, 451.99999999999994]","[122.00000000000001, 208.0]"
"[85.0, 294.0, 347.0, 538.0]","[333.0, 570.0, 725.0, 871.0]"
"[24.0, 71.0, 112.99999999999999, 170.99999999999997]","[7.0, 63.00000000000001, 26.0, 105.00000000000001]"
"[288.0, 462.99999999999994]","[35.0, 229.0]"
"[29.999999999999993, 132.0, 206.99999999999997, 361.0, 365.99999999999994, 462.99999999999994, 464.0, 540.0, 533.0, 611.0]","[157.0, 287.0, 132.0, 283.99999999999994, 180.0, 293.0, 201.0, 294.0, 222.0, 305.0]"
"[138.54930725346372, 863.8956805215973, 1002.4449877750613, 1577.0171149144255, 2652.81173594132, 3337.4083129584355, 3382.233088834556, 3842.7057864710678, 3891.60554197229, 4588.42705786471]","[354.52500000000003, 1303.9999999999998, 753.8750000000001, 1658.525, 399.35, 1389.575, 994.3000000000001, 1682.9749999999997, 607.1750000000001, 1442.5499999999997]"
"[339.7616468039003, 494.47453954496206, 494.47453954496206, 647.670639219935, 699.2416034669557, 879.7399783315276, 894.907908992416, 1029.902491874323]","[92.58156028368795, 233.7304964539007, 224.62411347517727, 412.82269503546104, 265.60283687943263, 438.6241134751773, 68.29787234042553, 235.2482269503546]"
"[1226.7970660146698, 1389.5354523227384, 1037.4572127139363, 1195.5012224938876]","[137.72549019607843, 356.8342245989305, 241.01960784313727, 400.65597147950086]"
"[197.0, 298.0, 373.99999999999994, 448.00000000000006, 508.0, 593.0]","[31.000000000000004, 146.0, 19.0, 97.99999999999999, 41.99999999999999, 138.0]"
"[1103.0119176598048, 1561.6901408450703, 3330.8775731310943, 3713.1094257854825]","[567.8199356913183, 1048.282958199357, 704.3151125401929, 1157.4790996784566]"
"[392.4593716143012, 465.95882990249186]","[97.10982658959539, 174.7976878612717]"
"[255.99999999999997, 324.99999999999994, 289.99999999999994, 386.0]","[22.0, 113.0, 361.0, 452.0]"
"[216.99999999999997, 377.0]","[54.99999999999999, 249.0]"
"[239.0, 377.0]","[75.0, 248.0]"
"[52.0, 179.0]","[65.0, 147.0]"
"[415.0, 472.0, 58.0, 135.99999999999997]","[77.0, 143.99999999999997, 55.99999999999999, 117.99999999999997]"
"[62.0, 136.00000000000003, 116.0, 207.0]","[129.99999999999997, 279.0, 183.00000000000003, 302.0]"
"[38.0, 122.0, 130.0, 162.0, 237.0, 301.0, 525.0, 580.0000000000001, 444.0, 521.0, 390.99999999999994, 418.0]","[46.0, 137.0, 131.0, 184.0, 32.0, 105.0, 59.0, 139.0, 218.00000000000003, 276.0, 88.0, 122.0]"
"[294.0, 348.0]","[71.0, 146.00000000000003]"
"[134.0, 273.0]","[46.0, 226.0]"
"[217.0, 299.00000000000006, 350.0, 443.0]","[94.0, 171.99999999999997, 452.0, 557.0]"
"[175.00000000000003, 506.0]","[11.0, 395.0]"
"[429.0, 548.0000000000001, 219.0, 318.0, 73.00000000000001, 164.00000000000003]","[21.0, 144.0, 77.0, 180.99999999999997, 97.00000000000003, 206.0]"
"[217.0, 344.0, 349.0, 437.0]","[157.0, 310.99999999999994, 197.0, 320.0]"
"[298.0, 434.0]","[92.0, 244.0]"
"[105.0, 189.99999999999994, 294.0, 438.99999999999994, 192.99999999999997, 308.0, 529.0, 637.0]","[368.0, 471.0, 322.0, 458.00000000000006, 188.0, 324.0, 333.99999999999994, 443.0]"
"[50.0, 171.0, 394.0, 539.0, 553.0, 689.0, 381.99999999999994, 541.0, 526.0, 640.0, 121.0, 248.99999999999997, 245.0, 324.0, 77.0, 151.0, 170.0, 290.0]","[364.0, 517.0, 316.0, 562.0, 346.00000000000006, 552.0, 88.00000000000001, 301.00000000000006, 106.0, 286.0, 202.0, 404.0, 271.0, 392.00000000000006, 72.0, 166.0, 74.0, 158.0]"
"[275.0, 344.00000000000006, 368.0, 451.00000000000006, 217.0, 249.99999999999994]","[126.00000000000001, 234.00000000000003, 4.999999999999999, 105.0, 113.00000000000001, 149.0]"
"[115.0, 204.0, 576.0, 659.0, 215.0, 353.0]","[77.0, 186.0, 28.000000000000004, 115.00000000000001, 374.0, 473.0]"
"[56.0, 106.0, 124.0, 219.0, 306.0, 503.0, 486.0, 608.0, 340.0, 413.0, 47.0, 124.0, 48.0, 155.0]","[26.000000000000004, 121.0, 24.0, 144.99999999999997, 18.999999999999993, 218.00000000000003, 352.0, 505.0, 312.0, 387.0, 309.0, 379.99999999999994, 390.9999999999999, 538.0]"
"[989.9024918743229, 1113.4647887323943]","[160.03846153846155, 310.25]"
"[307.0, 480.99999999999994, 345.0, 499.0]","[405.00000000000006, 615.0, 102.00000000000001, 288.0]"
"[1495.124593716143, 1607.8006500541712]","[91.02017291066282, 340.2420749279539]"
"[140.0, 201.0, 363.0, 435.0]","[106.00000000000001, 240.99999999999994, 156.99999999999997, 262.0]"
"[361.0, 435.0]","[122.99999999999997, 192.0]"
"[255.00000000000003, 307.0, 377.0, 436.0, 152.0, 202.00000000000003, 473.0, 525.9999999999999]","[101.0, 158.0, 53.00000000000001, 107.99999999999997, 224.0, 275.0, 213.0, 262.0]"
"[89.0, 218.0, 3.0, 79.0, 113.99999999999999, 184.0, 210.0, 276.0, 332.0, 406.0, 440.0, 495.0]","[13.0, 142.99999999999997, 275.0, 353.0, 318.0, 388.0, 300.0, 366.0, 252.0, 346.0, 249.0, 332.0]"
"[183.0, 266.0, 477.00000000000006, 558.0]","[269.0, 384.0, 359.0, 442.0]"
"[148.0, 218.00000000000003, 110.0, 200.0]","[71.0, 135.0, 275.0, 355.00000000000006]"
"[302.0, 350.0, 569.0, 631.0]","[283.0, 344.0, 257.0, 322.0]"
"[261.0, 410.0, 302.0, 494.0, 47.0, 221.0, 317.0, 468.0]","[66.0, 288.0, 458.00000000000006, 645.0, 440.0, 666.0000000000001, 818.0, 1010.0]"
"[43.0, 213.0, 265.0, 366.0, 365.0, 451.0, 463.99999999999994, 571.0, 568.0, 685.0]","[161.0, 296.00000000000006, 217.99999999999997, 296.00000000000006, 67.0, 145.00000000000003, 211.99999999999997, 311.0, 99.0, 203.0]"
"[76.0, 268.0, 282.0, 437.0, 446.0, 637.0, 616.0, 749.0]","[138.0, 347.0, 189.0, 364.0, 151.99999999999997, 396.0, 112.0, 303.0]"
"[685.807150595883, 786.5655471289275]","[265.3359683794466, 475.4387351778657]"
"[325.43336944745397, 468.03900325027087, 197.45395449620804, 336.4030335861322, 518.0119176598049, 653.3044420368363, 684.9945828819068, 826.3813651137596]","[202.4390243902439, 362.19512195121956, 414.6341463414634, 543.9024390243902, 229.2682926829268, 360.9756097560976, 191.46341463414635, 345.12195121951214]"
"[232.97941495124593, 345.3087757313109, 900.0216684723728, 1035.9263271939328]","[49.9421965317919, 180.34682080924856, 29.13294797687861, 176.18497109826592]"
"[520.4593716143012, 713.2914409534128, 952.9274106175513, 1119.5492957746478, 653.3824485373781, 840.5980498374865, 1089.5947995666306, 1248.7280606717227, 859.3196099674974, 1040.9187432286024]","[565.5352839931153, 702.2375215146299, 543.0636833046472, 685.3838209982788, 205.98967297762482, 383.8898450946644, 102.99483648881241, 258.4234079173838, 54.306368330464714, 239.69707401032704]"
"[176.0, 227.0, 408.0, 447.0]","[104.00000000000001, 164.0, 153.0, 197.00000000000003]"
"[522.8169014084507, 722.513542795233]","[124.85549132947976, 296.878612716763]"
"[252.0, 339.0, 165.0, 232.0]","[74.0, 162.0, 50.0, 145.0]"
"[220.0, 295.0, 206.00000000000003, 288.0]","[309.0, 397.00000000000006, 551.0, 640.0]"
"[130.0, 188.0]","[99.0, 165.99999999999997]"
"[559.0, 717.0, 348.0, 537.0, 156.0, 335.0]","[130.0, 298.0, 116.0, 320.00000000000006, 138.0, 378.0]"
"[215.0, 271.0, 51.0, 92.0]","[37.0, 92.0, 30.0, 88.0]"
"[165.0, 235.99999999999997, 291.0, 363.0]","[6.0, 100.0, 36.00000000000001, 123.00000000000001]"
"[111.0, 218.0, 85.0, 197.99999999999997]","[240.0, 332.0, 434.0, 520.0]"
"[151.0, 237.0, 214.0, 297.0, 370.0, 467.0]","[34.0, 131.0, 71.0, 165.0, 74.99999999999999, 201.0]"
"[143.0, 326.0]","[12.0, 217.0]"
"[75.0, 304.0]","[38.0, 227.0]"
"[267.99999999999994, 353.0]","[50.0, 149.0]"
"[1125.6198347107438, 1589.2561983471073, 1735.5371900826447, 2018.1818181818182]","[235.75367647058823, 746.966911764706, 471.50735294117646, 831.341911764706]"
"[270.0, 397.0]","[25.0, 194.0]"
"[55.99999999999999, 209.00000000000003, 288.99999999999994, 352.00000000000006, 430.0, 523.0, 450.0, 571.0, 299.0, 393.0, 30.0, 183.0]","[198.0, 342.0, 208.0, 266.0, 205.0, 293.0, 16.0, 121.0, 17.0, 136.0, 0.0, 178.99999999999997]"
"[36.0, 280.99999999999994, 312.99999999999994, 463.99999999999994, 547.0, 610.0]","[9.0, 198.0, 10.0, 117.99999999999999, 47.0, 134.0]"
"[32.0, 112.00000000000001, 111.0, 163.0, 159.00000000000003, 210.00000000000003, 214.0, 274.0, 254.0, 317.0, 313.0, 377.0]","[33.0, 123.00000000000001, 89.0, 166.0, 33.0, 113.00000000000003, 53.0, 129.0, 107.00000000000001, 185.0, 48.0, 126.0]"
"[59.0, 139.0, 125.0, 219.0, 208.0, 285.0, 297.0, 369.0]","[98.0, 186.0, 58.00000000000001, 133.0, 23.000000000000004, 126.99999999999999, 28.0, 135.0]"
"[316.0, 517.0]","[311.0, 600.0]"
"[132.0, 184.99999999999997, 201.0, 254.0, 289.00000000000006, 388.0, 433.9999999999999, 530.0, 518.0, 596.0, 634.0, 760.0]","[163.0, 237.00000000000003, 177.0, 229.0, 114.00000000000001, 222.0, 134.0, 230.0, 113.00000000000003, 201.00000000000003, 19.000000000000004, 146.0]"
"[92.99999999999999, 188.0]","[13.0, 122.0]"
"[236.0, 308.0, 303.0, 369.0]","[94.0, 182.0, 76.99999999999999, 179.0]"
"[420.0, 550.0]","[0.0, 124.0]"
"[127.99999999999996, 234.0, 323.0, 405.0]","[91.0, 180.0, 94.0, 188.0]"
"[182.0, 419.0]","[51.0, 293.0]"
"[309.82885085574566, 468.39445802770996, 514.2950285248573, 686.4221678891606]","[146.0957910014514, 299.49637155297535, 33.3933236574746, 232.70972423802615]"
"[585.7851239669423, 665.1239669421487, 35.70247933884298, 88.59504132231406]","[270.0, 345.44117647058823, 254.11764705882354, 330.8823529411764]"
"[235.0, 299.0]","[10.0, 82.0]"
"[280.06500541711813, 378.85157096424706, 454.21451787648977, 541.798483206934, 655.8613217768147, 765.8504875406284, 313.6728060671723, 412.4593716143012]","[73.28571428571428, 194.41071428571428, 181.17857142857144, 279.9107142857143, 118.07142857142857, 218.83928571428567, 311.4642857142857, 395.94642857142856]"
"[314.0, 448.0]","[133.99999999999997, 270.0]"
"[336.9519152404238, 543.5044824775877, 794.9144254278729, 1004.5965770171148]","[101.21739130434783, 276.5217391304348, 39.65217391304348, 252.52173913043478]"
"[719.7399783315277, 942.3185265438785, 940.2383531960998, 1112.8927410617553]","[251.79190751445088, 486.9364161849711, 293.4104046242774, 543.121387283237]"
"[1735.80195599022, 2272.2665036674816, 2275.349633251834, 2870.3936430317854, 1667.9731051344743, 2176.6894865525674, 690.6210268948656, 1193.1711491442543]","[946.471615720524, 1538.4017467248907, 595.0131004366812, 1149.9475982532751, 225.05676855895194, 721.4148471615721, 151.0655021834061, 786.1572052401747]"
"[57.0, 121.99999999999999]","[12.0, 91.00000000000001]"
"[63.00000000000001, 369.00000000000006]","[44.0, 428.0]"
"[938.239608801956, 1740.2110839445804]","[665.5086848635235, 1565.5086848635237]"
"[838.0823401950162, 993.2827735644636]","[132.50517598343686, 302.2774327122153]"
"[49.00000000000001, 148.00000000000003]","[64.0, 164.0]"
"[162.99999999999997, 246.99999999999997, 238.00000000000003, 315.0, 368.0, 452.0, 444.00000000000006, 522.0]","[67.0, 162.0, 89.0, 194.00000000000003, 74.0, 189.0, 54.00000000000001, 180.0]"
"[1355.3629469122427, 1566.6305525460455]","[887.8048780487807, 1086.178861788618]"
"[141.0, 330.0]","[207.0, 426.0]"
"[144.0, 406.0]","[9.0, 264.0]"
"[331.00000000000006, 555.0, 211.0, 321.0]","[63.0, 285.0, 3.0, 186.0]"
"[99.0, 299.0]","[68.0, 291.0]"
"[119.0, 187.0, 243.00000000000003, 381.0, 390.0, 476.0]","[62.0, 207.0, 48.00000000000001, 219.00000000000003, 41.0, 203.0]"
"[336.98808234019504, 410.48754062838566, 545.0054171180932, 637.9198266522211, 793.2394366197183, 894.4745395449621]","[133.17919075144508, 205.3179190751445, 166.47398843930637, 245.54913294797691, 215.02890173410404, 332.94797687861274]"
"[101.0, 175.0, 289.0, 357.00000000000006]","[45.0, 117.99999999999999, 104.0, 181.0]"
"[223.0, 425.0]","[96.0, 304.0]"
"[7.000000000000001, 127.00000000000001, 173.0, 260.0, 332.0, 457.0]","[12.0, 144.0, 14.000000000000002, 138.0, 14.000000000000002, 183.0]"
"[72.00000000000001, 162.99999999999997, 308.00000000000006, 419.0]","[10.0, 109.0, 87.0, 219.0]"
"[194.0, 279.0]","[26.0, 140.0]"
"[193.0, 362.99999999999994, 473.0, 622.0, 605.0, 795.0]","[56.00000000000001, 248.0, 295.0, 446.00000000000006, 23.0, 236.99999999999997]"
"[24.0, 126.0, 164.0, 299.0, 432.0, 576.0]","[30.999999999999996, 159.0, 220.00000000000003, 315.0, 24.000000000000004, 163.0]"
"[205.0, 288.00000000000006]","[54.0, 131.00000000000003]"
"[440.9534127843987, 717.4431202600217]","[131.13385826771653, 438.7023622047244]"
"[204.0, 304.0, 6.0, 120.0, 150.0, 210.0, 360.0, 480.0]","[48.0, 170.0, 50.0, 186.00000000000003, 53.000000000000014, 147.0, 48.0, 209.00000000000003]"
"[157.09090909090907, 608.7272727272729, 682.3636363636364, 1026.0, 1018.6363636363636, 1445.7272727272727, 1335.2727272727273, 1723.090909090909, 1838.4545454545453, 2238.545454545454]","[112.96744186046512, 638.5116279069766, 265.2279069767442, 687.627906976744, 108.05581395348837, 584.4837209302326, 338.9023255813954, 778.493023255814, 343.8139534883721, 861.9906976744187]"
"[82.99999999999999, 249.0, 244.00000000000003, 390.0]","[21.999999999999996, 181.0, 288.0, 433.0]"
"[356.7453954496208, 476.11267605633805]","[364.8840736728061, 482.89490790899237]"
"[694.3946280991735, 996.1642561983472]","[165.42178217821782, 484.3722772277228]"
"[439.0, 648.0000000000001]","[45.0, 342.0]"
"[606.7172264355362, 689.3282773564464, 130.01083423618635, 227.5189599133261, 989.9783315276272, 1071.2351029252436, 157.0964247020585, 241.06175514626216, 43.336944745395456, 131.36511375947995, 342.6327193932828, 413.0552546045504, 931.7443120260021, 1007.5839653304441, 434.72372697724813, 515.9804983748646]","[44.68750000000001, 134.0625, 471.25, 608.0208333333334, 85.3125, 167.91666666666669, 138.125, 216.66666666666666, 63.64583333333334, 134.0625, 93.43749999999999, 166.56249999999997, 436.04166666666663, 520.0, 158.4375, 224.79166666666666]"
"[1919.0082644628098, 2142.1487603305786, 1330.4752066115702, 1486.6735537190084, 421.17768595041326, 711.2603305785124, 582.9545454545455, 783.7809917355372]","[446.5116279069768, 680.9302325581397, 471.6279069767442, 655.813953488372, 521.860465116279, 817.6744186046511, 946.046511627907, 1099.5348837209303]"
"[381.8842975206612, 575.4710743801653]","[13.742857142857144, 189.2285714285714]"
"[52.0, 155.0, 166.0, 267.00000000000006, 285.0, 398.0, 400.0, 474.0, 494.0, 573.0]","[53.00000000000001, 189.0, 9.0, 166.0, 23.0, 150.99999999999997, 77.00000000000001, 195.0, 48.0, 180.00000000000003]"
"[218.0, 467.00000000000006]","[2.0, 274.0]"
"[432.0, 609.0]","[11.0, 227.0]"
"[181.99999999999997, 242.0, 364.0, 458.0]","[15.000000000000002, 102.99999999999999, 100.0, 178.0]"
"[306.0, 357.0]","[64.0, 129.0]"
"[263.80165289256195, 1289.2561983471076]","[21.83823529411765, 1078.014705882353]"
"[343.0, 487.99999999999994, 306.0, 463.0, 626.0, 721.0, 452.0, 556.0, 678.0, 781.0, 741.0, 919.0]","[608.0000000000001, 763.0000000000001, 350.0, 538.0, 338.0, 444.0, 231.99999999999997, 348.0, 171.00000000000003, 300.0, 626.0, 758.9999999999999]"
"[908.3423618634886, 1004.0303358613219, 188.60238353196098, 262.10184182015166]","[126.24277456647398, 223.35260115606937, 201.15606936416188, 270.52023121387276]"
"[276.0, 367.0, 449.0, 563.0]","[86.0, 234.0, 167.0, 284.0]"
"[212.00000000000003, 275.00000000000006, 431.0, 477.0, 131.0, 237.0, 441.0, 556.0000000000001]","[348.0, 403.0, 351.0, 400.0, 18.000000000000004, 138.99999999999997, 101.0, 221.0]"
"[464.7887323943662, 541.7118093174431]","[48.68327402135232, 129.8220640569395]"
"[1222.1018418201515, 1725.8938244853737]","[263.21954887218044, 744.1639097744361]"
"[171.0, 328.0, 23.0, 84.0, 431.0, 469.0, 400.0, 435.0]","[53.0, 219.0, 71.0, 130.0, 100.0, 147.0, 97.0, 149.0]"
"[152.0, 341.0]","[14.999999999999996, 216.0]"
"[73.0, 234.99999999999997, 275.0, 479.0]","[38.00000000000001, 234.99999999999994, 99.0, 297.0]"
"[198.00000000000006, 500.0]","[18.0, 345.99999999999994]"
"[503.9219934994583, 558.2665222101842, 727.4756229685806, 779.3499458288192, 1000.433369447454, 1069.5991332611052, 132.1560130010834, 187.73564463705307]","[88.91938250428817, 158.07890222984562, 149.43396226415098, 197.59862778730704, 166.72384219554033, 221.06346483704976, 224.76843910806176, 276.6380789022299]"
"[259.1735537190083, 553.2561983471074]","[20.09917355371901, 342.74380165289256]"
"[49.00000000000001, 119.0, 582.0, 712.0000000000001, 201.00000000000003, 274.0, 394.0, 465.0]","[111.99999999999999, 194.0, 142.0, 295.0, 55.00000000000001, 122.0, 180.0, 254.0]"
"[200.0, 233.0, 311.0, 352.0]","[56.00000000000001, 88.00000000000001, 58.99999999999999, 99.0]"
"[148.00000000000003, 259.0, 162.0, 252.0]","[18.000000000000004, 152.00000000000003, 275.0, 410.0]"
"[23.999999999999996, 117.0, 92.0, 168.0, 196.99999999999997, 259.0, 315.00000000000006, 397.0, 411.0, 486.0]","[128.0, 223.0, 54.00000000000001, 171.0, 54.00000000000001, 165.99999999999997, 69.0, 176.0, 23.0, 110.0]"
"[45.0, 134.0, 183.0, 280.99999999999994, 312.0, 404.0, 407.0, 495.0]","[28.0, 131.00000000000003, 11.0, 145.0, 78.0, 199.0, 51.00000000000001, 162.00000000000003]"
"[194.0, 283.0, 67.0, 137.0, 218.99999999999997, 294.0, 207.0, 291.0]","[24.999999999999993, 132.0, 214.99999999999997, 292.0, 247.0, 320.0, 423.0, 518.0]"
"[369.00000000000006, 535.0]","[75.0, 220.0]"
"[1615.3846153846152, 1953.4127843987]","[439.02439024390236, 826.0162601626015]"
"[296.0, 405.0]","[53.000000000000014, 163.0]"
"[143.01191765980496, 235.10292524377036, 383.5319609967497, 451.78764897074757, 492.95774647887333, 572.0476706392199, 706.3921993499458, 796.3163596966414, 670.6392199349946, 735.6446370530878, 784.3986998916577, 852.6543878656555]","[135.34902597402598, 246.87662337662334, 218.72402597402598, 286.93993506493507, 81.20941558441558, 192.737012987013, 227.38636363636363, 304.2646103896104, 371.39772727272725, 432.0340909090909, 311.84415584415586, 397.3847402597402]"
"[55.00000000000001, 97.0]","[25.0, 78.0]"
"[1472.9256198347107, 2647.537190082645, 2635.1074380165287, 3579.7685950413224, 3523.834710743801, 4512.0]","[68.38390092879257, 1771.764705882353, 1206.043343653251, 2579.9380804953557, 640.3219814241486, 2542.6377708978325]"
"[372.0, 426.0000000000001]","[51.0, 105.99999999999999]"
"[138.0, 286.0]","[21.999999999999996, 229.0]"
"[340.0, 535.0, 482.99999999999994, 663.0]","[146.0, 394.0, 37.0, 267.0]"
"[238.0, 386.0, 84.0, 202.00000000000003]","[113.99999999999999, 250.99999999999997, 194.0, 320.0]"
"[255.16528925619835, 423.0371900826447, 628.5123966942149, 766.8388429752066, 922.6239669421487, 1077.0661157024792]","[161.25, 387.0, 314.4375, 479.71875, 176.03124999999997, 373.56249999999994]"
"[67.0, 100.0, 30.000000000000007, 65.0, 122.00000000000001, 155.0, 166.0, 200.0, 344.0, 376.0]","[49.0, 98.0, 107.0, 141.0, 25.0, 63.99999999999999, 87.99999999999999, 122.99999999999999, 69.99999999999999, 114.0]"
"[921.4876033057851, 1332.6446280991736, 1386.3636363636365, 1814.0495867768595, 483.4710743801653, 774.7933884297522]","[281.2544378698225, 653.5029585798817, 272.9822485207101, 659.707100591716, 0.0, 353.63609467455626]"
"[393.99999999999994, 552.0, 522.0, 606.0, 83.0, 157.0, 274.0, 360.0, 356.0, 413.0, 710.0, 771.0, 25.000000000000004, 73.00000000000001, 90.0, 142.0]","[187.0, 367.0, 109.00000000000001, 203.0, 228.00000000000003, 344.0, 177.0, 274.0, 155.0, 233.0, 81.0, 135.00000000000003, 181.0, 234.0, 163.00000000000003, 222.0]"
"[592.8494041170098, 767.5839653304441]","[231.04302925989674, 432.4251290877797]"
"[222.0, 321.0, 363.0, 442.0, 469.0, 637.0]","[18.000000000000004, 120.99999999999999, 118.0, 225.0, 116.0, 269.0]"
"[1656.1947840260798, 2136.3691931540343, 1363.2070089649553, 1782.3422982885083, 2559.5737571312143, 2966.501222493888, 2962.4319478402604, 3365.2901385493074, 3625.7237163814184, 3926.8500407497963]","[631.0586881472957, 1245.831990794016, 1355.7583429228998, 1933.8895281933258, 1253.9746835443038, 1860.605293440736, 460.06214039125433, 1115.5489067894132, 911.981588032221, 1420.8998849252014]"
"[295.00000000000006, 442.00000000000006]","[140.0, 305.0]"
"[443.1202600216685, 550.3791982665223, 829.9024918743229, 905.7421451787651]","[82.28461538461539, 202.46346153846153, 276.08653846153845, 367.03269230769234]"
"[246.19396903015485, 512.2086389568052, 590.4482477587612, 797.000814995925, 854.3765281173594, 1008.7693561532193]","[39.64525139664804, 396.45251396648047, 285.86312849162016, 498.695530726257, 510.17178770949715, 714.6578212290503]"
"[287.06392199349943, 604.6370530877573, 590.7692307692308, 863.9653304442037]","[221.63187855787476, 583.1688804554079, 412.7893738140417, 684.2884250474383]"
"[105.0, 196.0, 380.0, 493.0, 229.0, 458.00000000000006, 331.0, 472.0]","[147.0, 229.0, 197.0, 309.0, 511.00000000000006, 725.0, 860.0, 1056.0]"
"[388.0, 654.0]","[25.999999999999996, 386.0]"
"[70.0, 128.0, 118.0, 184.0, 179.0, 242.0, 325.0, 366.0, 373.0, 415.00000000000006, 356.0, 403.0, 472.0, 507.0, 472.0, 509.0, 614.0, 659.0, 676.0, 729.0, 692.0, 755.0]","[50.0, 127.0, 138.0, 194.0, 82.00000000000001, 155.0, 89.00000000000001, 137.0, 58.0, 110.0, 153.0, 194.0, 110.0, 148.0, 17.0, 56.99999999999999, 9.0, 74.0, 150.0, 208.99999999999997, 2.0, 59.00000000000001]"
"[99.17355371900825, 295.5371900826446, 307.43801652892563, 406.6115702479339, 531.5702479338844, 644.6280991735538, 795.3719008264462, 900.4958677685951, 938.1818181818184, 1039.3388429752065, 1059.1735537190082, 1126.611570247934, 1289.2561983471076, 1392.3966942148759, 1541.1570247933882, 1648.2644628099174, 1745.4545454545455, 1888.2644628099172]","[256.1029411764706, 486.39705882352933, 154.85294117647058, 305.7352941176471, 148.89705882352942, 291.8382352941176, 31.764705882352946, 204.48529411764704, 19.852941176470583, 176.69117647058823, 83.38235294117648, 174.7058823529412, 65.51470588235294, 188.60294117647058, 190.58823529411765, 301.764705882353, 418.89705882352933, 621.3970588235294]"
"[275.702479338843, 837.0247933884298]","[89.33823529411767, 514.1911764705883]"
"[153.99999999999997, 213.99999999999994, 447.0, 518.0]","[60.0, 151.0, 112.00000000000001, 202.0]"
"[107.0, 403.0, 719.0, 935.0]","[57.0, 338.99999999999994, 37.00000000000001, 297.0]"
"[266.0, 487.0]","[34.0, 266.0]"
"[134.0826446280992, 912.7933884297521, 804.495867768595, 1691.5041322314048, 1727.603305785124, 2496.0, 2485.6859504132235, 3187.04132231405, 3016.859504132231, 3826.5123966942147, 4043.1074380165287, 4749.619834710744]","[407.61550387596895, 1671.739534883721, 1356.998449612403, 2275.4232558139533, 552.0868217054264, 1743.9751937984497, 985.5007751937984, 2001.9596899224807, 469.5317829457365, 1568.5457364341082, 412.77519379844955, 1573.7054263565892]"
"[795.9479956663055, 1007.7139761646804, 1142.8060671722644, 1394.7345612134343, 1548.0823401950163, 1756.1971830985915, 1898.5915492957747, 2132.264355362947, 2347.6814734561212, 2574.0520043336946]","[650.1225114854517, 891.1791730474731, 511.33231240428785, 697.60336906585, 997.0980091883612, 1208.9356814701378, 1055.5359877488518, 1241.8070444104135, 829.0888208269524, 1029.9693721286371]"
"[217.0, 347.0, 427.0, 548.0]","[27.0, 171.99999999999997, 14.0, 142.0]"
"[239.8202479338843, 552.1787190082645, 661.7262396694215, 951.879132231405]","[365.792600896861, 721.2186098654709, 379.12107623318394, 722.6995515695069]"
"[181.0, 255.0, 211.0, 280.0, 378.0, 452.0]","[52.99999999999999, 141.99999999999997, 308.0, 388.0, 572.0, 657.0]"
"[99.99999999999999, 129.0, 83.0, 125.00000000000001, 155.0, 184.0, 97.0, 147.0, 165.0, 208.99999999999997, 103.0, 147.0]","[14.0, 52.00000000000001, 114.0, 170.0, 122.0, 149.0, 201.0, 258.0, 225.00000000000003, 267.0, 308.0, 354.0]"
"[199.99999999999997, 320.0]","[10.0, 122.0]"
"[52.00000000000001, 120.0, 263.0, 321.0, 491.0, 600.0000000000001]","[6.0, 120.0, 11.0, 103.0, 30.0, 167.0]"
"[258.0, 305.0, 310.0, 342.0]","[0.0, 102.0, 68.0, 154.0]"
"[543.0660888407367, 645.991332611051]","[180.15849673202615, 291.23366013071893]"
"[171.99999999999997, 290.0, 383.0, 490.0]","[25.0, 152.0, 54.0, 173.0]"
"[737.1614301191767, 835.9696641386782, 586.3488624052004, 669.5557963163596, 248.32069339111592, 358.82990249187435, 1020.5850487540629, 1133.694474539545, 94.90790899241604, 206.71722643553628, 278.22318526543876, 391.33261105092095, 436.8364030335861, 559.0465872156013, 796.9664138678223, 884.0736728060672, 899.6749729144095, 1015.3846153846154]","[238.961038961039, 345.4545454545455, 316.8831168831169, 433.7662337662337, 433.7662337662337, 532.4675324675325, 437.6623376623377, 533.7662337662338, 59.74025974025974, 172.72727272727275, 80.51948051948052, 183.11688311688312, 97.40259740259741, 212.98701298701297, 106.4935064935065, 222.07792207792204, 128.57142857142856, 242.8571428571429]"
"[267.0, 344.0, 346.0, 438.0, 291.0, 391.0]","[96.0, 191.0, 449.0, 581.0, 773.0, 894.0]"
"[10.999999999999998, 86.0, 138.0, 182.0, 306.0, 371.0, 399.0, 479.00000000000006]","[81.0, 216.0, 108.0, 166.00000000000003, 70.0, 170.0, 62.0, 167.0]"
"[97.0, 195.0, 222.0, 287.0, 203.0, 276.0, 92.0, 178.0, 103.0, 189.0, 201.0, 259.0]","[14.999999999999996, 130.0, 21.0, 103.0, 253.00000000000003, 334.0, 245.0, 355.0, 515.0, 630.0, 519.0, 605.0]"
"[130.0, 227.0, 235.0, 321.0, 359.0, 450.0, 450.0, 516.0, 616.0, 735.0, 785.0, 889.0, 925.0, 992.0]","[69.00000000000001, 218.0, 173.0, 274.0, 228.99999999999994, 333.0, 142.99999999999997, 275.0, 58.0, 198.0, 53.0, 204.0, 186.0, 283.0]"
"[721.9834710743802, 1253.0578512396696, 354.0495867768595, 777.520661157025, 1936.8595041322315, 2606.776859504132]","[10.408163265306122, 475.30612244897964, 551.6326530612246, 877.7551020408164, 124.89795918367348, 624.4897959183675]"
"[192.0, 377.0, 391.0, 589.0]","[2.0000000000000004, 275.0, 7.0, 287.0]"
"[90.99999999999999, 188.99999999999997, 215.0, 298.0, 334.0, 448.0, 482.0, 600.0]","[61.0, 214.0, 94.0, 227.0, 124.00000000000001, 232.0, 48.0, 212.0]"
"[157.57313109425786, 251.18093174431203, 652.1343445287108, 741.0617551462623, 1118.6132177681473, 1216.9014084507041]","[273.19277108433744, 369.98106712564544, 354.3700516351119, 435.54733218588643, 60.8829604130809, 170.16006884681588]"
"[129.3561532192339, 417.27791361043205, 428.7530562347189, 594.6210268948655, 617.5713121434392, 824.1238793806031, 729.1931540342298, 1007.726161369193]","[249.22616136919314, 594.3887530562348, 16.684596577017118, 250.2689486552568, 54.224938875305625, 277.38141809290954, 290.9376528117359, 652.7848410757947]"
"[61.0, 166.0, 156.0, 260.0, 243.0, 310.0, 315.0, 413.0]","[106.99999999999999, 217.0, 7.000000000000001, 156.00000000000003, 73.0, 183.0, 43.0, 174.00000000000003]"
"[67.0, 162.99999999999997, 202.0, 329.0, 317.0, 525.0]","[91.0, 240.0, 102.0, 244.0, 19.0, 269.0]"
"[572.8797399783315, 1140.1430119176598, 1611.9263271939328, 2117.4084507042253, 2224.1213434452866, 2679.0552546045506, 3785.499458288191, 4386.461538461538, 3072.2080173347777, 3527.141928494041, 4352.762730227519, 4920.026002166847]","[753.0146341463416, 1427.3560975609755, 663.1024390243902, 1292.4878048780488, 983.4146341463414, 1461.0731707317077, 1157.6195121951218, 1742.0487804878048, 1320.5853658536587, 1770.1463414634147, 1388.019512195122, 1938.7317073170734]"
"[109.20910075839653, 291.2242686890574, 310.72589382448535, 431.6359696641387, 499.2416034669556, 640.9534127843987, 891.8743228602383, 1058.288190682557]","[111.6858407079646, 285.70796460176985, 192.20353982300887, 309.0840707964602, 202.5929203539823, 327.2654867256637, 115.58185840707965, 312.9800884955752]"
"[139.0, 235.00000000000003, 145.0, 230.0, 292.0, 396.0, 428.99999999999994, 535.0]","[18.0, 106.0, 128.00000000000003, 266.0, 109.0, 227.0, 144.0, 262.0]"
"[726.0374898125511, 1117.8321108394457, 1193.0920945395274, 1467.5696821515892, 1460.9290953545233, 1755.3284433577833, 1786.317848410758, 2275.5077424612878]","[391.6503667481663, 1013.4229828850855, 546.5403422982885, 944.8288508557458, 376.1613691931541, 814.278728606357, 508.9242053789731, 1121.8459657701712]"
"[255.0, 346.0, 420.0, 535.0, 617.0, 702.0000000000001, 759.0, 846.0]","[130.00000000000003, 234.00000000000003, 105.0, 227.00000000000003, 292.99999999999994, 373.0, 232.0, 322.00000000000006]"
"[64.0, 207.0, 351.0, 469.0]","[31.0, 204.0, 21.0, 188.0]"
"[149.0, 207.0]","[70.0, 129.0]"
"[533.1365113759479, 616.738894907909]","[131.46320346320346, 236.90764790764794]"
"[106.40495867768595, 202.4793388429752, 265.495867768595, 350.206611570248, 530.99173553719, 612.603305785124, 747.9338842975206, 817.1487603305785]","[248.1509433962264, 354.6490566037735, 260.55849056603773, 359.81886792452826, 258.49056603773585, 383.59999999999997, 256.42264150943396, 363.95471698113204]"
"[140.0, 207.00000000000006, 230.00000000000003, 314.00000000000006, 318.0, 390.0, 432.9999999999999, 503.0]","[117.00000000000003, 172.00000000000003, 96.00000000000001, 179.00000000000003, 114.00000000000001, 185.0, 139.0, 198.99999999999997]"
"[146.0, 326.0]","[32.0, 222.0]"
"[147.0, 190.0]","[34.0, 73.00000000000001]"
"[16.0, 201.0]","[82.0, 237.0]"
"[448.0606717226436, 693.1224268689058, 711.4106175514625, 905.2654387865655, 594.3661971830985, 769.9328277356447, 876.0043336944744, 1148.498374864572]","[232.31707317073167, 514.0243902439025, 268.9024390243903, 475.60975609756105, 600.0, 839.6341463414634, 698.780487804878, 978.6585365853658]"
"[287.0, 328.0, 105.0, 142.0, 226.0, 264.0, 414.0, 453.0]","[127.0, 160.99999999999997, 21.0, 57.0, 98.0, 130.0, 130.0, 166.0]"
"[109.0, 149.0, 31.000000000000007, 72.0]","[7.0, 49.0, 51.0, 85.00000000000001]"
"[47.0, 208.0, 352.0, 458.0, 66.0, 157.0, 366.0, 475.0]","[59.0, 187.0, 26.0, 158.00000000000006, 346.0, 454.0, 318.0, 449.0]"
"[320.0, 470.0, 86.0, 197.99999999999991, 304.0, 406.0, 130.0, 228.0, 295.0, 406.0]","[20.0, 213.99999999999997, 284.0, 405.00000000000006, 352.0, 460.00000000000006, 563.0, 696.0, 627.0, 728.0]"
"[172.00000000000003, 266.0, 72.0, 139.99999999999997, 296.0, 360.0, 502.0, 550.0, 513.0, 556.0]","[84.0, 176.0, 124.0, 196.0, 123.0, 201.99999999999997, 283.0, 331.0, 145.0, 186.0]"
"[550.2751895991332, 606.8559046587216, 228.54171180931743, 277.35644637053093]","[65.41720779220779, 136.37824675324674, 325.97727272727275, 405.80844155844153]"
"[152.0, 289.0, 124.0, 222.0]","[49.00000000000001, 182.0, 511.0, 632.0]"
"[166.0, 312.0, 203.0, 370.0]","[42.0, 228.0, 306.0, 506.0]"
"[59.0, 150.0, 139.0, 221.0, 426.0, 511.0, 303.0, 424.0]","[88.0, 201.0, 58.99999999999999, 161.0, 55.00000000000001, 213.0, 348.00000000000006, 494.0]"
"[63.00000000000001, 195.0]","[17.0, 170.0]"
"[921.5433884297521, 1228.1126033057851, 554.3946280991736, 767.3409090909091]","[174.45772058823528, 471.9540441176471, 225.87683823529412, 427.88051470588226]"
"[117.0, 164.0, 261.0, 302.0]","[147.0, 195.0, 164.0, 204.0]"
"[32.0, 201.99999999999997]","[98.0, 276.0]"
"[325.7854821235103, 445.590465872156, 840.7367280606718, 955.2871072589382]","[115.52859618717503, 277.26863084922013, 87.17157712305027, 284.6204506065858]"
"[149.0, 228.0, 287.0, 376.0]","[21.0, 140.0, 58.99999999999999, 156.0]"
"[543.8786565547128, 719.3932827735645, 1033.5861321776815, 1150.5958829902493]","[312.1170731707317, 593.889430894309, 309.949593495935, 593.889430894309]"
"[251.0, 337.0]","[53.0, 152.0]"
"[725.2066115702477, 1264.7603305785126, 1746.297520661157, 2384.479338842975, 2535.322314049587, 2935.6363636363635, 3109.6859504132235, 3469.3884297520663, 3968.3305785123966, 4333.834710743802, 4589.107438016529, 5012.628099173554]","[1776.2232558139535, 2217.3767441860464, 1282.8279069767443, 1892.3162790697672, 893.9162790697675, 1404.7255813953489, 1137.711627906977, 1642.7162790697673, 1102.8837209302326, 1491.7953488372093, 1723.9813953488372, 2234.7906976744184]"
"[53.0, 172.0, 180.0, 272.0, 417.00000000000006, 562.0, 675.9999999999999, 760.9999999999999, 905.0, 999.0000000000001]","[33.0, 166.0, 20.0, 139.0, 33.0, 182.0, 50.0, 156.0, 28.999999999999996, 166.0]"
"[91.0, 283.00000000000006, 298.0, 483.00000000000006, 502.99999999999994, 633.0, 654.0, 819.0]","[90.0, 364.0, 65.0, 289.0, 135.0, 311.0, 162.0, 358.0]"
"[114.0, 180.0, 220.0, 265.0, 335.0, 390.0, 415.0, 455.0, 506.0, 548.0]","[28.0, 109.0, 125.0, 174.0, 7.999999999999999, 63.0, 88.0, 151.0, 17.0, 74.0]"
"[255.0, 361.0, 353.0, 424.0, 319.0, 351.0]","[55.00000000000001, 206.99999999999997, 170.0, 239.0, 212.0, 243.00000000000003]"
"[541.3867822318526, 611.3759479956663, 725.6229685807151, 804.8754062838569, 666.955579631636, 727.6814734561214, 447.7248104008667, 511.5384615384615, 272.7518959913326, 360.23835319609964, 160.56338028169014, 239.81581798483205, 106.01300108342362, 172.91440953412786]","[93.64653243847873, 181.11856823266217, 126.57718120805369, 231.54362416107384, 95.70469798657719, 157.4496644295302, 43.22147651006711, 112.17002237136467, 32.930648769574944, 122.46085011185683, 100.85011185682326, 170.82774049217002, 126.57718120805369, 191.40939597315437]"
"[70.0, 163.0, 311.0, 403.99999999999994]","[97.00000000000001, 187.0, 8.0, 92.99999999999999]"
"[837.0247933884298, 1123.9669421487604, 610.909090909091, 774.8760330578513]","[112.5, 357.3529411764706, 391.7647058823529, 557.2058823529412]"
"[64.0, 172.99999999999997, 190.0, 288.0, 301.0, 430.0, 403.0, 546.0]","[52.99999999999999, 216.0, 62.0, 248.0, 101.99999999999999, 266.0, 81.99999999999999, 249.0]"
"[95.0, 171.99999999999997, 280.0, 329.0, 390.0, 443.00000000000006]","[121.00000000000001, 237.0, 125.99999999999999, 173.99999999999997, 125.99999999999999, 181.0]"
"[325.0, 392.0, 141.99999999999997, 199.0]","[107.0, 184.99999999999997, 128.00000000000003, 195.0]"
"[192.0, 353.0]","[64.0, 246.0]"
"[235.0, 279.0, 138.0, 197.0]","[100.0, 148.0, 124.0, 188.0]"
"[124.00000000000001, 263.0]","[90.0, 238.0]"
"[131.0, 189.0, 17.0, 77.0, 379.0, 438.99999999999994]","[70.0, 125.99999999999999, 69.0, 140.0, 79.0, 136.99999999999997]"
"[174.0, 385.0]","[55.00000000000001, 285.0]"
"[313.0, 475.0, 542.0, 769.0]","[414.0, 588.0, 121.0, 332.0]"
"[349.99999999999994, 435.0]","[60.0, 183.0]"
"[383.0, 499.0, 167.0, 281.0, 293.0, 333.00000000000006, 377.0, 416.99999999999994, 550.0, 595.9999999999999]","[129.0, 245.0, 40.0, 205.0, 84.00000000000001, 125.0, 12.0, 58.0, 30.999999999999996, 81.0]"
"[552.0, 787.0, 369.0, 547.0]","[108.99999999999999, 395.0, 12.999999999999998, 426.0]"
"[35.0, 338.0, 290.0, 490.0]","[24.0, 335.99999999999994, 2.0, 308.0]"
"[183.00000000000003, 353.0]","[64.99999999999999, 268.0]"
"[205.0, 470.0, 45.999999999999986, 308.0]","[257.0, 480.99999999999994, 438.0, 671.0]"
"[431.895991332611, 539.1549295774648]","[101.42857142857143, 324.2857142857143]"
"[80.0, 315.0]","[62.99999999999999, 306.0]"
"[619.0595882990249, 729.7594799566631, 518.032502708559, 625.5081256771398, 267.61430119176595, 382.6132177681473, 385.83748645720476, 492.23835319609964]","[82.78497409326424, 189.22279792746113, 273.08290155440415, 374.1450777202072, 255.88082901554404, 359.09326424870466, 217.1761658031088, 322.5388601036269]"
"[52.0, 140.0, 212.00000000000003, 281.0]","[97.0, 191.0, 165.0, 233.0]"
"[35.0, 195.99999999999997, 400.99999999999994, 516.0, 712.0, 879.9999999999999, 624.0, 683.0, 547.0, 587.0, 8.0, 34.0]","[11.0, 178.0, 92.00000000000001, 243.99999999999997, 54.0, 270.0, 87.99999999999999, 197.0, 98.00000000000001, 161.0, 12.0, 95.0]"
"[424.0, 627.0, 642.0, 826.0]","[70.0, 286.00000000000006, 93.00000000000001, 278.0]"
"[299.9504132231406, 570.5578512396695, 1131.3347107438017, 1357.9276859504132]","[34.23347107438017, 396.13016528925624, 57.05578512396694, 339.07438016528926]"
"[442.97520661157023, 565.9504132231406, 739.1735537190083, 925.6198347107438]","[107.20588235294117, 266.0294117647059, 9.26470588235294, 173.38235294117646]"
"[95.99999999999999, 208.00000000000003, 235.00000000000003, 332.0, 351.0, 416.00000000000006, 428.0, 516.0, 518.0, 593.0, 643.0, 722.0]","[85.99999999999999, 200.99999999999997, 61.0, 178.0, 70.0, 163.0, 144.99999999999997, 236.0, 116.00000000000001, 232.00000000000003, 108.0, 216.0]"
"[252.0, 408.0]","[97.0, 300.0]"
"[89.0, 320.0]","[10.999999999999998, 259.0]"
"[266.0, 379.0]","[44.0, 192.0]"
"[175.0, 235.0, 300.0, 350.0, 382.0, 461.0, 485.0, 552.0]","[58.00000000000001, 127.00000000000001, 29.999999999999996, 94.99999999999999, 63.99999999999999, 133.0, 62.0, 130.00000000000003]"
"[36.0, 105.99999999999999, 155.00000000000003, 222.0]","[11.0, 109.0, 42.00000000000001, 138.0]"
"[364.0, 425.99999999999994, 469.0, 515.0, 181.0, 254.00000000000003]","[79.0, 149.0, 95.0, 212.0, 72.0, 190.0]"
"[123.0, 244.0]","[4.0, 131.0]"
"[551.0509209100759, 654.0411700975081]","[79.54545454545455, 184.54545454545456]"
"[105.78512396694215, 354.38016528925624, 507.7685950413223, 756.3636363636365, 1015.5371900826447, 1256.198347107438, 1256.198347107438, 1433.388429752066, 1602.6446280991736, 1882.9752066115702, 1888.2644628099174, 2152.727272727273]","[624.1322314049587, 883.305785123967, 285.6198347107438, 552.7272727272727, 81.98347107438016, 386.1157024793389, 193.05785123966942, 407.27272727272725, 10.578512396694215, 372.89256198347107, 63.471074380165284, 409.91735537190084]"
"[70.0, 138.0, 310.0, 352.0]","[83.0, 160.0, 71.0, 121.0]"
"[343.0, 382.0]","[107.0, 161.0]"
"[516.9924160346696, 607.9653304442037, 199.69664138678223, 277.35644637053093]","[88.7012987012987, 199.57792207792207, 108.6590909090909, 195.14285714285714]"
"[34.99999999999999, 142.0, 165.0, 250.99999999999997, 266.0, 390.0]","[11.999999999999998, 185.0, 44.00000000000001, 155.0, 43.0, 190.0]"
"[83.00000000000001, 163.0, 179.0, 243.00000000000003]","[26.0, 131.0, 24.0, 128.0]"
"[514.0, 643.0, 241.00000000000003, 385.0, 100.0, 189.0, 9.000000000000002, 73.0]","[26.0, 202.0, 26.0, 176.0, 53.00000000000001, 129.0, 32.00000000000001, 115.99999999999999]"
"[35.45232273838631, 147.92176039119803, 266.5036674816626, 343.52078239608795, 599.0220048899755, 792.1760391198044, 1138.1418092909537, 1223.716381418093, 1290.9535452322739, 1353.3007334963327, 1454.7677261613692, 1495.1100244498775]","[184.74714518760194, 287.52039151712887, 66.06851549755302, 178.62969004893964, 75.85644371941272, 324.2251223491027, 59.9510603588907, 188.41761827079932, 285.07340946166397, 353.5889070146818, 172.51223491027733, 271.61500815660685]"
"[84.0, 145.0, 184.00000000000003, 242.99999999999997, 237.00000000000003, 297.0, 392.00000000000006, 456.0, 501.0, 554.0, 569.0, 636.0, 517.0, 578.0]","[162.0, 227.0, 41.0, 116.0, 151.0, 218.0, 129.0, 196.0, 138.0, 205.0, 126.99999999999999, 193.99999999999997, 46.0, 105.0]"
"[410.4462809917355, 523.6363636363636]","[92.12558139534883, 222.37209302325584]"
"[342.0, 434.99999999999994, 570.0, 676.0, 119.0, 196.0, 628.0, 690.0]","[465.99999999999994, 562.0, 337.0, 425.0, 202.00000000000003, 280.0, 206.0, 281.0]"
"[460.0488997555012, 734.4091279543602]","[187.82608695652172, 514.4347826086956]"
"[406.8459657701712, 872.1108394458029]","[14.608695652173914, 561.3913043478261]"
"[271.23064384678077, 738.5819070904645]","[117.91304347826085, 594.7826086956521]"
"[292.6110509209101, 463.1852654387866]","[102.65895953757224, 294.1040462427746]"
"[388.76033057851237, 620.1652892561983]","[107.20588235294117, 423.5294117647059]"
"[341.1570247933884, 565.9504132231406, 651.900826446281, 786.7768595041322, 818.5123966942149, 1052.5619834710744]","[62.205882352941174, 292.5, 128.38235294117646, 311.0294117647059, 169.41176470588232, 399.7058823529412]"
"[260.7986960065199, 378.67970660146705, 391.19804400978, 537.2453137734311, 671.8174409127954, 814.7351263243684]","[164.7890625, 252.3984375, 183.5625, 322.27734375, 102.2109375, 252.3984375]"
"[170.31404958677686, 322.64462809917353, 516.2314049586777, 690.7768595041322, 711.9338842975206, 994.3801652892562]","[134.47058823529414, 280.5882352941177, 169.41176470588235, 329.2941176470588, 98.47058823529412, 304.94117647058823]"
"[847.1505958829902, 965.7204767063921, 385.3521126760563, 488.3206933911159]","[299.6531791907514, 482.2543352601157, 344.91329479768774, 557.1676300578035]"
"[565.8071505958831, 719.7399783315277]","[330.17341040462424, 495.26011560693644]"
"[368.884073672806, 601.8634886240521, 694.7778981581797, 920.8234019501626]","[321.8497109826589, 511.9075144508671, 91.56069364161849, 381.50289017341044]"
"[850.2479338842976, 925.6198347107438, 593.7190082644629, 657.1900826446281]","[222.3529411764706, 293.82352941176464, 186.61764705882354, 270.0]"
"[111.07438016528924, 269.7520661157024, 392.72727272727275, 637.3553719008265, 661.1570247933884, 850.2479338842976, 871.404958677686, 1006.2809917355372, 1101.4876033057851, 1258.8429752066115]","[75.37190082644626, 249.91735537190084, 169.25619834710744, 448.2644628099173, 207.60330578512392, 442.9752066115703, 89.91735537190083, 288.26446280991735, 183.801652892562, 375.53719008264466]"
"[495.08125677139765, 611.5709642470207, 603.2502708559047, 734.9945828819068]","[144.27745664739885, 303.81502890173414, 470.28901734104033, 596.5317919075144]"
"[141.48760330578514, 378.18181818181824, 376.8595041322314, 621.4876033057851, 596.3636363636364, 785.4545454545455, 773.5537190082644, 879.3388429752066, 926.9421487603306, 1154.3801652892562]","[174.7058823529412, 473.8235294117647, 52.941176470588225, 367.94117647058823, 211.76470588235296, 473.8235294117647, 161.47058823529412, 350.7352941176471, 346.7647058823529, 561.1764705882352]"
"[219.0709046454768, 389.1116544417278, 620.7008964955176, 886.7155664221679, 376.59331703341485, 495.51752241238796]","[77.21739130434783, 334.95652173913044, 195.13043478260872, 454.9565217391305, 286.9565217391305, 489.39130434782606]"
"[688.5085574572128, 785.5256723716382, 1069.2746536267318, 1267.4816625916872, 236.80521597392013, 402.67318663406684, 61.54849225753871, 205.50937245313773]","[42.78260869565218, 202.43478260869566, 354.7826086956522, 528.0, 362.08695652173907, 486.26086956521743, 353.7391304347826, 533.2173913043478]"
"[1009.5867768595041, 1360.6611570247935, 519.6694214876032, 680.3305785123968]","[238.23529411764704, 744.4852941176471, 273.9705882352941, 516.1764705882352]"
"[483.98699891657634, 608.7973997833153, 707.2589382448537, 869.5124593716143, 216.33802816901408, 364.7237269772481]","[187.28323699421964, 299.6531791907515, 191.4450867052023, 339.88439306358384, 287.1676300578035, 445.31791907514446]"
"[186.00000000000003, 289.0]","[21.0, 135.0]"
"[239.0, 305.0, 318.0, 363.0]","[62.0, 136.0, 69.0, 120.0]"
"[153.99999999999997, 236.00000000000003, 344.0, 423.0]","[62.0, 157.0, 121.0, 203.99999999999997]"
"[627.2727272727274, 918.0991735537192, 906.6942148760331, 1140.495867768595, 1137.6446280991736, 1474.090909090909]","[171.06741573033707, 547.4157303370787, 199.57865168539325, 564.5224719101124, 51.32022471910112, 501.7977528089888]"
"[127.0, 207.0]","[14.000000000000002, 125.0]"
"[459.26327193932826, 1360.2383531960995]","[231.21951219512195, 1138.5365853658536]"
"[3.0, 126.0, 139.0, 238.0, 270.0, 400.0, 379.0, 536.0]","[46.0, 202.0, 46.0, 178.0, 29.0, 182.0, 2.0, 167.0]"
"[23.0, 203.0, 267.0, 348.0, 439.0, 592.9999999999999]","[18.0, 251.0, 17.0, 130.00000000000003, 15.000000000000002, 274.0]"
"[867.4322860238353, 1046.3271939328279, 1356.273022751896, 1541.4084507042255, 416.0346695557963, 559.566630552546]","[62.427745664739874, 243.46820809248555, 147.74566473988438, 297.5722543352602, 322.5433526011561, 466.1271676300578]"
"[348.0, 435.0, 154.0, 350.0, 342.0, 441.99999999999994, 180.0, 435.0]","[19.0, 109.99999999999999, 275.0000000000001, 435.0, 551.0, 656.0, 832.0, 1017.0]"
"[411.1592632719394, 492.41603466955576]","[352.5690721649485, 456.55257731958767]"
"[366.1971830985915, 511.3759479956664, 955.5796316359698, 1063.9219934994583, 1577.4647887323943, 1709.6424702058505]","[170.99567099567102, 307.35930735930725, 73.5930735930736, 194.8051948051948, 138.52813852813853, 309.5238095238095]"
"[91.0, 173.0]","[13.000000000000002, 111.0]"
"[172.31404958677686, 375.61983471074376, 297.52066115702485, 493.3884297520662, 509.50413223140487, 771.0743801652893, 800.8264462809918, 1017.7685950413223, 1014.0495867768595, 1198.7603305785124]","[169.83471074380165, 430.1652892561983, 64.46280991735537, 303.71900826446284, 91.73553719008262, 516.9421487603306, 73.1404958677686, 363.22314049586777, 209.50413223140498, 597.5206611570247]"
"[140.84507042253523, 361.863488624052, 762.7302275189601, 964.2470205850489, 650.0541711809318, 864.5720476706392, 1291.4409534127844, 1514.626218851571, 1586.1321776814734, 1772.4810400866743, 957.7464788732394, 1161.4301191765978]","[192.90569105691057, 461.6731707317073, 485.5154471544716, 665.4162601626017, 78.02926829268293, 338.1268292682927, 123.54634146341462, 366.30406504065047, 396.64878048780486, 574.3821138211382, 286.10731707317075, 492.0178861788618]"
"[59.0, 116.0, 143.99999999999997, 197.0, 219.0, 277.0]","[165.0, 246.00000000000003, 152.0, 236.00000000000003, 154.0, 210.0]"
"[230.0, 421.0, 110.99999999999997, 315.0]","[34.0, 265.99999999999994, 351.0, 571.0]"
"[299.99999999999994, 492.0]","[57.99999999999999, 260.0]"
"[165.0, 209.0, 320.0, 373.0, 264.0, 300.0]","[113.0, 165.0, 144.0, 198.00000000000003, 173.99999999999997, 229.0]"
"[339.1115926327194, 422.53521126760563, 435.53629469122427, 539.5449620801734, 581.798483206934, 646.8039003250271]","[164.58441558441558, 262.03571428571433, 99.61688311688312, 204.64772727272728, 270.69805194805195, 352.9902597402598]"
"[1107.2589382448537, 1395.4496208017335]","[253.24675324675323, 621.2121212121212]"
"[1249.2257538712306, 1473.5126324368377, 936.2673186634067, 1157.9462102689486, 687.2045639771802, 880.1955990220049, 345.5582722086389, 551.5892420537897, 58.67970660146698, 226.89486552567234]","[163.10408921933083, 388.84014869888483, 138.31226765799255, 379.7063197026023, 244.00371747211898, 481.4832713754646, 285.7583643122677, 491.92193308550196, 341.8661710037175, 536.2862453531599]"
"[230.00000000000003, 340.00000000000006, 488.99999999999994, 572.0, 601.0, 701.0, 501.99999999999994, 620.0]","[118.0, 245.00000000000003, 124.0, 230.0, 79.99999999999999, 188.0, 211.0, 307.0]"
"[36.0, 132.0, 206.0, 280.0, 316.0, 426.99999999999994, 445.0, 522.0, 583.0, 679.0]","[4.0, 155.0, 46.0, 197.0, 32.00000000000001, 162.0, 111.0, 250.00000000000003, 121.0, 287.0]"
"[397.0, 467.0]","[154.0, 220.0]"
"[249.0, 550.0]","[119.00000000000001, 420.99999999999994]"
"[110.83944580277101, 512.4694376528117, 477.26161369193153, 773.2681336593317, 786.3080684596578, 1043.1947840260798, 1047.1067644661775, 1540.0162999185004]","[76.95652173913044, 693.9130434782609, 189.13043478260872, 684.7826086956521, 180.0, 690.0, 20.869565217391305, 516.5217391304349]"
"[199.89165763813654, 368.9057421451788, 924.7020585048755, 1109.9674972914408, 640.3033586132178, 810.9425785482123, 1200.9750812567713, 1339.1115926327193, 424.1603466955579, 594.7995666305526]","[196.74796747967477, 385.3658536585366, 159.34959349593498, 343.0894308943089, 373.98373983739833, 538.2113821138212, 232.52032520325204, 365.8536585365854, 255.28455284552845, 430.89430894308947]"
"[262.7692307692308, 347.8461538461539, 64.61538461538461, 138.92307692307693, 379.07692307692315, 480.3076923076924, 493.2307692307692, 574.0, 571.8461538461538, 646.1538461538462, 860.4615384615385, 930.4615384615383]","[106.4169381107492, 193.485342019544, 106.4169381107492, 188.11074918566777, 68.79478827361564, 165.53745928338762, 128.99022801302934, 199.93485342019545, 122.54071661237785, 211.7589576547231, 74.16938110749186, 170.91205211726384]"
"[342.68948655256725, 739.3643031784842, 794.5232273838632, 1104.3520782396088]","[91.46987951807229, 499.56626506024094, 49.25301204819277, 424.5140562248996]"
"[316.3596966413868, 385.69880823401945, 476.70639219935003, 555.7963163596967, 685.807150595883, 737.8114842903575]","[266.3586206896552, 328.0758620689656, 237.12413793103454, 323.74482758620684, 262.02758620689656, 343.23448275862063]"
"[297.0, 456.0]","[68.0, 231.0]"
"[208.0, 281.0, 89.0, 166.0]","[33.0, 128.99999999999997, 144.0, 220.00000000000003]"
"[6.0, 158.0, 171.99999999999997, 324.0, 409.0, 541.0, 581.0, 737.0]","[115.0, 295.99999999999994, 41.99999999999999, 233.0, 61.00000000000001, 238.99999999999997, 71.0, 257.00000000000006]"
"[318.9739978331528, 472.7464788732395, 554.8277356446371, 680.5471289274107]","[148.57142857142858, 299.2207792207792, 180.7792207792208, 310.64935064935065]"
"[137.0, 204.0, 47.0, 104.0, 289.0, 346.0]","[26.0, 96.00000000000001, 31.999999999999996, 95.0, 38.0, 110.0]"
"[302.0, 431.0]","[76.00000000000001, 235.0]"
"[222.9945828819068, 287.34127843987, 271.8093174431203, 336.1560130010834, 321.7334777898158, 389.40845070422534, 348.3596966413868, 407.1592632719394, 533.6338028169014, 590.2145178764897, 426.01950162513543, 487.0379198266523, 361.67280606717225, 422.6912242686891, 498.13217768147354, 562.4788732394367, 452.6457204767064, 513.6641386782231, 571.3542795232936, 627.9349945828819, 617.9501625135428, 668.9837486457204, 681.1874322860239, 733.3304442036837, 662.3271939328278, 725.5644637053088, 823.1939328277357, 888.650054171181, 742.2058504875406, 798.7865655471289, 792.1300108342361, 845.3824485373781]","[153.1325695581015, 207.50572831423895, 246.34369885433713, 307.3747954173486, 352.87070376432075, 407.24386252045826, 206.39607201309332, 257.44026186579373, 277.41407528641577, 335.11620294599015, 299.60720130932896, 353.9803600654664, 102.08837970540097, 160.9001636661211, 116.51391162029459, 174.21603927986908, 187.53191489361703, 245.2340425531915, 184.20294599018007, 238.5761047463175, 104.3076923076923, 162.00981996726676, 163.1194762684124, 211.94435351882163, 268.5368248772504, 322.9099836333879, 251.89198036006547, 320.69067103109654, 99.86906710310966, 154.2422258592471, 159.79050736497544, 217.4926350245499]"
"[24.999999999999996, 137.0, 161.0, 308.0, 354.00000000000006, 520.0, 550.0, 708.0000000000001]","[122.00000000000001, 247.0, 70.0, 254.0, 72.0, 280.0, 81.0, 256.0]"
"[322.0, 379.0]","[44.0, 116.0]"
"[177.28687856560717, 417.53545232273837, 591.5085574572128, 805.2469437652811, 916.2583537082317, 1090.231458842706, 1154.8500407497963, 1365.2746536267318, 1282.4303178484108, 1471.3154034229829, 1668.484922575387, 1842.4580277098614]","[280.22222222222223, 570.3931623931625, 117.72649572649571, 392.97435897435895, 228.82051282051282, 449.35042735042737, 69.64102564102564, 281.8803418803418, 329.96581196581195, 591.9487179487179, 414.52991452991455, 623.4529914529915]"
"[122.0, 270.00000000000006, 137.00000000000003, 250.0, 366.99999999999994, 515.0, 542.0, 671.0]","[4.0, 141.0, 162.0, 239.0, 52.0, 207.0, 9.0, 131.0]"
"[156.0, 238.99999999999997]","[50.0, 140.00000000000003]"
"[369.0, 440.0]","[53.0, 137.0]"
"[304.00000000000006, 476.0]","[28.000000000000007, 227.99999999999997]"
"[184.0, 266.0]","[139.00000000000003, 247.0]"
"[122.99999999999999, 224.0, 276.0, 376.0]","[12.0, 115.0, 19.999999999999993, 121.00000000000003]"
"[114.24793388429752, 191.47107438016525, 64.5289256198347, 123.76859504132231, 318.41322314049586, 390.3471074380165, 398.8099173553719, 452.7603305785124, 478.1487603305785, 545.8512396694215, 682.3140495867768, 806.0826446280992, 901.2892561983471, 995.4380165289255, 596.6280991735537, 663.2727272727273, 224.26446280991735, 293.02479338842977, 10.578512396694215, 47.603305785123965, 631.5371900826447, 659.0413223140496]","[147.17647058823528, 231.88235294117646, 175.76470588235296, 253.05882352941177, 152.47058823529412, 240.35294117647064, 158.82352941176472, 239.2941176470588, 192.70588235294113, 263.64705882352945, 142.94117647058823, 275.29411764705884, 168.3529411764706, 282.70588235294116, 198.0, 258.35294117647055, 200.11764705882354, 258.35294117647055, 171.52941176470588, 232.94117647058826, 170.47058823529414, 196.94117647058823]"
"[313.0, 382.0]","[72.99999999999999, 165.0]"
"[212.0, 455.0]","[9.0, 359.00000000000006]"
"[319.99999999999994, 520.0]","[15.999999999999996, 202.0]"
"[51.00000000000001, 116.0, 139.0, 204.00000000000003, 403.0, 445.0, 483.00000000000006, 537.0]","[96.0, 158.0, 83.0, 149.99999999999997, 99.0, 149.99999999999997, 103.99999999999999, 168.0]"
"[141.7118093174431, 423.8353196099675]","[124.67532467532469, 444.1558441558442]"
"[174.0, 311.0, 312.0, 392.0, 208.0, 302.0, 459.0, 536.0]","[20.0, 210.0, 125.0, 201.0, 170.0, 309.0, 217.0, 283.0]"
"[274.0, 338.00000000000006, 349.0, 392.0]","[85.0, 183.0, 50.99999999999999, 100.0]"
"[528.8997555012226, 936.7889160554198]","[36.52173913043478, 584.3478260869565]"
"[256.0, 392.99999999999994]","[35.0, 213.00000000000003]"
"[230.00000000000006, 434.0]","[93.99999999999999, 294.0]"
"[420.0, 635.0]","[59.0, 327.0]"
"[196.31635969664137, 352.3293607800649, 404.3336944745395, 540.8450704225352, 656.5547128927411, 798.2665222101842, 854.1711809317443, 1036.186348862405]","[75.44813278008299, 260.16597510373447, 251.06016597510376, 391.5497925311203, 212.03526970954357, 352.5248962655602, 62.439834024896264, 241.95435684647305]"
"[339.1322314049587, 472.1487603305784, 361.90082644628103, 448.18181818181824, 511.69421487603313, 612.3553719008265, 635.1239669421487, 787.314049586777, 919.1322314049587, 1140.8264462809916, 846.0330578512396, 1018.595041322314]","[350.96188747731395, 482.72232304900183, 129.36479128856624, 258.7295825771324, 109.00181488203265, 226.38838475499094, 280.2903811252269, 409.65517241379314, 107.80399274047187, 270.7078039927405, 398.87477313974597, 556.9872958257713]"
"[79.54545454545455, 748.4504132231406, 614.6694214876032, 1525.8264462809916, 1565.5991735537189, 2350.2066115702482, 2552.685950413223, 3246.9008264462814]","[206.2322834645669, 1005.8346456692914, 79.5984251968504, 1175.8858267716535, 267.74015748031496, 1385.736220472441, 354.5748031496063, 1313.3740157480313]"
"[200.80606717226433, 287.34127843987, 434.8949079089924, 510.33586132177686, 694.5005417118093, 769.9414951245938, 789.911159263272, 897.5254604550379]","[34.35497835497836, 145.17748917748918, 65.38528138528139, 150.71861471861473, 67.60173160173161, 150.71861471861473, 106.3896103896104, 197.26406926406926]"
"[210.5123966942149, 370.24793388429754, 396.69421487603313, 467.5702479338842, 464.39669421487605, 502.47933884297515, 512.0, 560.6611570247934, 584.99173553719, 644.2314049586777, 657.9834710743802, 766.9421487603306]","[75.1764705882353, 264.7058823529411, 189.52941176470588, 282.7058823529411, 242.47058823529412, 285.88235294117646, 218.11764705882354, 277.4117647058823, 208.58823529411768, 274.2352941176471, 148.23529411764704, 249.88235294117646]"
"[211.99999999999997, 276.99999999999994]","[37.0, 131.0]"
"[201.7768147345612, 276.3921993499458, 356.26218851570974, 429.82665222101843, 533.8678223185266, 599.0249187432287, 678.8949079089924, 736.6955579631635, 738.7973997833153, 818.667388949079]","[72.5047619047619, 166.02539682539683, 78.80952380952381, 149.21269841269842, 166.02539682539683, 242.73333333333323, 92.46984126984127, 168.12698412698413, 73.55555555555556, 146.06031746031746]"
"[136.99999999999997, 184.0]","[49.0, 105.99999999999999]"
"[309.20293398533005, 1399.5501222493888, 1541.9462102689488, 2363.7750611246943, 2689.251833740831, 3600.5867970660147, 3307.6577017114914, 4731.618581907091]","[435.3251833740831, 1956.929095354523, 854.3765281173595, 2115.5990220048902, 1082.2102689486553, 2473.6234718826404, 443.4621026894866, 1798.2591687041565]"
"[467.7464788732395, 765.7183098591549, 1101.8028169014083, 1358.1971830985915, 1763.5774647887322, 2054.6197183098593, 2217.4647887323945, 2536.225352112676]","[425.5135135135135, 691.8918918918919, 311.3513513513514, 567.3513513513514, 183.35135135135135, 439.3513513513514, 470.4864864864865, 740.3243243243244]"
"[84.0, 162.0, 144.0, 218.0, 251.0, 323.0, 390.99999999999994, 474.0, 325.0, 408.0]","[34.0, 169.00000000000003, 89.0, 174.0, 91.0, 188.0, 58.0, 135.0, 10.999999999999998, 126.00000000000001]"
"[317.00000000000006, 399.00000000000006]","[10.0, 93.00000000000001]"
"[532.0, 658.0]","[185.0, 304.0]"
"[241.0, 507.0]","[21.0, 284.0]"
"[143.0, 397.0]","[4.999999999999999, 304.0]"
"[382.4485373781149, 442.0368364030336]","[188.3884615384615, 270.6730769230769]"
"[157.0, 379.0]","[22.0, 370.0]"
"[259.0, 337.00000000000006, 326.0, 397.0]","[68.0, 219.0, 108.0, 251.0]"
"[202.00000000000003, 320.0]","[47.99999999999999, 203.0]"
"[607.0, 667.0, 606.0, 679.0, 515.0, 568.0, 340.0, 407.00000000000006, 193.0, 263.0, 266.0, 303.0, 88.0, 139.0]","[40.0, 100.0, 201.0, 277.0, 162.00000000000003, 234.0, 157.0, 239.0, 160.0, 252.99999999999997, 153.0, 237.0, 14.0, 130.0]"
"[519.501625135428, 910.0758396533043, 944.2036836403033, 1300.6500541711812, 1387.8656554712895, 1664.6803900325028, 1698.8082340195015, 1990.7908992416033, 2047.6706392199349, 2351.029252437703, 2404.1170097508125, 2734.019501625135, 2908.450704225352, 3253.521126760563]","[792.840650406504, 1145.6357723577237, 462.80650406504066, 861.1235772357724, 394.52357723577234, 709.3837398373984, 402.11056910569107, 792.840650406504, 743.5252032520326, 1130.4617886178862, 1107.7008130081301, 1418.7674796747965, 1191.1577235772359, 1479.4634146341464]"
"[846.6305525460455, 1038.0065005417118]","[162.15, 386.6653846153846]"
"[192.46943765281176, 502.29828850855745, 802.7383863080685, 1104.7432762836186, 1351.9804400977996, 1594.523227383863]","[84.5217391304348, 432.0, 72.00000000000001, 391.3043478260869, 82.95652173913044, 327.13043478260875]"
"[247.99999999999997, 394.0]","[13.0, 170.99999999999997]"
"[604.9586776859504, 967.9338842975206]","[283.89705882352945, 617.4264705882352]"
"[216.00000000000006, 331.0, 359.0000000000001, 486.0, 530.9999999999999, 629.0, 611.0, 685.0, 735.0, 827.0, 650.0, 735.0]","[229.0, 350.0, 231.0, 347.0, 191.0, 296.0, 162.00000000000003, 276.0, 138.0, 242.00000000000003, 63.0, 175.0]"
"[251.0, 297.0]","[32.0, 82.0]"
"[264.4628099173553, 525.7520661157025, 94.14876033057851, 314.1818181818182]","[90.97520661157026, 371.3057851239669, 125.88429752066115, 417.8512396694215]"
"[146.99999999999997, 533.0]","[16.0, 448.0]"
"[337.0, 412.00000000000006]","[86.0, 168.0]"
"[269.99999999999994, 395.0]","[79.0, 225.00000000000003]"
"[335.0, 393.0, 49.0, 104.0, 572.0, 623.0, 518.0, 573.0, 193.0, 233.0]","[1.0000000000000002, 67.0, 105.0, 145.0, 99.00000000000001, 150.0, 288.0, 340.0, 94.0, 141.0]"
"[329.9501625135428, 412.70639219935]","[61.28238341968912, 161.2694300518135]"
"[106.57851239669422, 243.90082644628097, 364.8264462809917, 486.7768595041322, 575.9338842975206, 673.2892561983472, 774.7438016528926, 894.6446280991735, 623.0743801652893, 699.9338842975206]","[24.62439024390244, 180.5788617886179, 117.9918699186992, 252.4, 142.6162601626016, 247.26991869918697, 141.59024390243906, 261.6341463414634, 300.6227642276423, 470.94146341463414]"
"[449.88429752066116, 546.2148760330579, 275.6694214876033, 337.1570247933884, 100.4297520661157, 179.33884297520663, 111.70247933884296, 202.90909090909093, 276.69421487603313, 374.0495867768594, 416.06611570247935, 519.5702479338843, 633.3223140495868, 717.3553719008265, 818.8099173553719, 908.99173553719, 798.3140495867768, 878.2479338842976, 975.6033057851239, 992.0]","[394.5356037151703, 513.4086687306501, 457.046439628483, 550.3003095975232, 416.05572755417967, 532.8792569659444, 213.1517027863777, 317.6780185758514, 215.20123839009284, 331.0, 215.20123839009284, 302.30650154798764, 143.46749226006193, 246.969040247678, 232.62229102167186, 340.2229102167183, 154.73993808049536, 254.14241486068116, 184.45820433436532, 291.0340557275542]"
"[81.0, 148.00000000000003, 288.00000000000006, 336.0, 346.00000000000006, 381.0, 397.0, 445.0]","[38.0, 84.0, 9.999999999999998, 69.0, 6.0, 72.0, 2.0, 83.0]"
"[143.99999999999997, 516.0]","[31.0, 359.0]"
"[190.0, 379.0]","[62.0, 242.0]"
"[89.00000000000001, 148.00000000000003, 130.0, 187.0, 226.0, 278.99999999999994, 162.0, 238.00000000000003, 251.0, 315.0, 330.0, 391.0]","[61.0, 130.0, 152.0, 213.99999999999997, 124.00000000000001, 185.99999999999997, 9.000000000000002, 74.0, 64.0, 118.00000000000001, 20.0, 78.00000000000001]"
"[370.00000000000006, 442.0, 502.00000000000006, 559.0, 569.0, 639.9999999999999, 277.0, 340.0]","[88.0, 170.0, 96.0, 156.0, 83.00000000000001, 154.0, 37.00000000000001, 112.0]"
"[324.99999999999994, 390.0, 601.0, 674.0]","[49.0, 109.0, 50.00000000000001, 118.0]"
"[196.0, 293.0, 434.0, 499.0, 526.0, 613.0, 323.0, 348.0, 269.0, 295.0]","[163.0, 262.00000000000006, 210.0, 283.0, 217.00000000000003, 318.0, 495.0, 517.0, 510.0, 532.0]"
"[350.0, 445.0]","[46.0, 150.0]"
"[430.00000000000006, 623.0]","[62.99999999999999, 261.0]"
"[488.10834236186355, 814.4940411700976, 158.7822318526544, 424.88949079089923, 721.8710725893825, 992.3889490790899]","[323.44528710725893, 649.8309859154929, 527.803900325027, 810.0834236186349, 836.5471289274107, 1159.9924160346695]"
"[364.0, 412.0]","[99.0, 151.99999999999997]"
"[323.39038304808474, 431.62184189079056, 522.9013854930726, 616.7889160554197, 614.1809290953545, 702.8524857375713, 753.7082314588428, 852.8117359413203, 898.4515077424612, 974.0831295843518, 1067.9706601466994, 1170.9861450692747, 1234.881825590872, 1339.20130399348]","[129.1304347826087, 249.13043478260866, 50.8695652173913, 187.82608695652175, 220.43478260869568, 283.04347826086956, 207.3913043478261, 320.8695652173913, 123.91304347826087, 221.73913043478262, 48.26086956521739, 155.2173913043478, 117.39130434782608, 240.0]"
"[837.7703141928494, 1140.1235102925243]","[273.0935251798561, 609.2086330935251]"
"[220.11409942950283, 766.7481662591688]","[13.565217391304351, 611.4782608695652]"
"[777.5206611570247, 1159.6694214876034]","[66.1764705882353, 488.3823529411765]"
"[424.5802770986145, 639.4784026079869]","[4.17391304347826, 253.56521739130437]"
"[189.0, 293.0, 543.0, 695.0]","[182.0, 318.0, 180.00000000000003, 326.0]"
"[210.0, 263.0, 299.0, 357.0, 440.0, 468.0, 109.0, 148.0, 46.99999999999999, 74.0, 164.0, 186.99999999999997, 318.0, 346.0, 389.0, 407.00000000000006, 507.0, 526.0, 527.0, 558.0]","[140.0, 207.0, 191.0, 277.0, 189.00000000000003, 234.0, 230.0, 278.00000000000006, 266.0, 289.0, 122.0, 150.0, 115.0, 159.0, 156.0, 177.0, 204.00000000000003, 226.00000000000003, 253.99999999999997, 309.0]"
